,Max Sharpe,Min Variance,Risk Parity,Equal Weight
2023-11-01,0.03571436201413032,0.004274302403223741,0.017286067816923937,0.024566614680913864
2023-11-02,0.06863756030194423,0.010053690127791656,0.03546509201421063,0.0468182385602826
2023-11-03,0.008218785586354672,-0.004767655987918334,0.00015994163894251365,0.0013205872478537883
2023-11-06,0.024723674726572806,0.005932797843190848,0.011260081377610054,0.012840529874782415
2023-11-07,-0.002059417009953562,-0.0008044702413812208,-0.002925196937781672,-0.0036333600815156384
2023-11-08,0.045287457776462495,0.005705681064354576,0.02824843692489866,0.039667444861153936
2023-11-09,-0.0013551714796932886,-0.004886335420690472,0.0016411507546477213,0.0053904723533716985
2023-11-10,-0.0032649758096963246,-0.00446316489238327,-0.007929369723161765,-0.008362686584477336
2023-11-13,-0.004209356701738588,0.0005031206128495642,0.0015620707668473615,0.004177347960140712
2023-11-14,0.0021444719698844456,0.0032565490933857528,0.007209632359075076,0.008164260086428607
2023-11-15,0.0033698110730237944,0.0018674351481138278,0.005861955394086095,0.00594088787512602
2023-11-16,0.03740951119381349,0.0017494100872994728,0.007481837152227448,0.009854642306387561
2023-11-17,-0.01570336399880595,-0.0010856508878813076,-0.013359630483562947,-0.01731458275724049
2023-11-20,0.019971645981906917,-0.0004893420125765744,0.0019421480455453922,0.004411831826758071
2023-11-21,0.01150830382370695,-0.0025008829050928,0.007723058521509895,0.011382066262565852
2023-11-22,0.021240618746512892,0.0013804016791961371,0.005490563872623011,0.00855001135656672
2023-11-23,-0.04735668228218914,-0.0039223611865317086,-0.023488126197000823,-0.03324071066900784
2023-11-24,0.023460528912610135,-0.0012392914023278015,0.006379700330435484,0.010316890212121172
2023-11-27,-0.0028439877349630913,0.0014227959376952738,-0.0036932793899489514,-0.006336940031625472
2023-11-28,-0.0014484788939066605,0.003147307823945612,0.006373615025908014,0.0087782411467754
2023-11-29,0.0043446614227302975,0.003233767174008195,0.0089759577503275,0.011894885786469122
2023-11-30,-0.0020626453000708663,-0.040867632605780954,-0.018095186301405088,-0.010553203392993878
2023-12-01,-0.005102364206543136,0.03100525668776606,0.01266865047880621,0.0075147316485279945
2023-12-04,0.008518484267354508,-0.0026754580009028563,0.012608430631591715,0.020397413277810878
2023-12-05,-0.0023163983160122076,-0.009974635477713736,-0.005431079200873552,-0.00464027777730414
2023-12-06,0.039902127772884884,0.001953557053666551,0.007224644621804775,0.009625179386150758
2023-12-07,-0.0016547144574921395,0.002629504961548182,-0.004704151230057557,-0.009023974539817362
2023-12-08,-0.000589725388540974,0.00905386608295804,0.0037799503651590794,0.0014098008743550548
2023-12-11,-0.004109914059893451,-0.0022788227795028917,-0.00022802694226049377,0.0006941338113195332
2023-12-12,-0.0028156374753876764,-0.0028951751942694385,0.0014841702134469178,0.0028738629578929364
2023-12-13,-0.019043143965188084,-0.00562084256594651,-0.012752278683097662,-0.01571605977985404
2023-12-14,0.0030009615643733435,0.0016825961400848898,-0.0032037137823775715,-0.005755781069961204
2023-12-15,-0.016766563952125096,-0.010810213805845742,-0.007239306362020338,-0.004896422548489893
2023-12-18,-0.0018091350249161227,0.0033598177771535552,-0.0050661910055370815,-0.007259065469866119
2023-12-19,-0.0027991357129089015,0.0009040930274213374,0.004724092421120396,0.007506298537994926
2023-12-20,0.0031471555451284554,0.0011583801830129569,0.0041658110540742895,0.006015107761382047
2023-12-21,-0.0015559872788607366,0.0008611509004754554,0.0006682639771563541,0.0009593732686275613
2023-12-22,0.01871116710022687,0.00026870668320488455,-0.0010676046822336444,-0.0017855987849701878
2023-12-25,0.016915763998325447,0.0054554550328198325,0.013545133118840365,0.016505759213922874
2023-12-26,0.028533779241516448,0.006564012943071974,0.004642369734528408,0.004175952680431827
2023-12-27,-0.0028498057528916817,-0.004768354604771869,-0.002278373503709079,-0.0011215346336180849
2023-12-28,-0.0028134142399786123,0.0022361064319497393,0.0037353190619603123,0.0041721312688507844
2023-12-29,0.01044066917933244,0.0023231800826572255,0.0011088374400802829,0.002165539982704409
2024-01-02,0.00033784063915083887,0.008687838804125188,0.0005570004393708232,-0.006021064868331551
2024-01-03,0.015120448008077879,0.003953707045390252,0.007620259272776379,0.009249962568696252
2024-01-04,-0.0021107595596144123,0.004239994586759407,0.004527548251798954,0.003749450646970361
2024-01-05,-0.006896162955953445,-0.001329773250521647,-1.4190344314242121e-05,0.0002326810540396935
2024-01-08,-0.003540223982379902,-0.0031651610420686746,-0.000480173341131812,-0.00044356062083716885
2024-01-09,-0.0039505288604797925,-3.501319336594358e-05,-0.0022523201811104764,-0.0035204614265660766
2024-01-10,-0.013436500991111896,0.002253565499530971,-0.0007315490747464308,-0.0024128877772017273
2024-01-11,0.009053929579739646,-0.008448019455334082,-0.001144892828999715,0.001602458616221017
2024-01-12,-0.044659110766821046,-0.0033694166750936633,-0.009040114433221828,-0.011242924878670511
2024-01-15,-0.024477980609795624,0.001391408683327349,-0.0021384640787033464,-0.004310143025919718
2024-01-16,0.007117418638504142,0.003813573405104608,0.0080166375337589,0.011343223820004092
2024-01-17,-0.0019511590827945428,0.000436125268318927,-0.005052821774151091,-0.0069338131417439695
2024-01-18,0.010212195127725957,-0.0008180556414831333,0.0031267856322401257,0.004577799381703572
2024-01-19,-0.0027820184735557908,0.008169416420263741,0.0064209466587834526,0.004324801570364068
2024-01-22,-0.010754671768671249,-0.002039144412659002,0.0014975154075058887,0.003686908720652901
2024-01-23,-0.0020254604747242102,-0.0037927688385149625,-0.002288882436521961,-0.0015962467561347253
2024-01-24,0.0035066836013327683,-0.0020123553910661304,-0.002388889566199383,-0.0019225039129328438
2024-01-25,-0.004616752670996987,-0.004005329432315744,-0.0028620880492829072,-0.002090594861490006
2024-01-26,0.013625922306787178,0.004534870179046708,0.004341058741111931,0.004971130546530122
2024-01-29,0.028880343787144342,-0.0017211685903058824,0.001097169553499506,0.0013376898414866835
2024-01-30,0.004079801445387449,-0.0001668899127942302,0.0034846309920389205,0.005418828013184623
2024-01-31,0.00021047125438375343,-0.009797991757291341,-0.011767765655544072,-0.012270446822942848
2024-02-01,0.04119056133999073,0.008817848547332675,0.009712984649196869,0.010082613486158415
2024-02-02,-0.004335932758951243,0.0017944980225730416,0.0014324323306005176,0.002085486545213944
2024-02-05,0.024195619866833277,0.004378251774624527,0.008258714667133685,0.008875268935644715
2024-02-06,0.0016089659350736706,-0.001004993526799238,0.0036050222086580113,0.005607934742311716
2024-02-07,0.0056761409986412605,0.0027431289183429005,0.006388461860513678,0.007444829327887548
2024-02-15,-0.0014770531207276133,0.003981903984275087,0.002926732947750717,0.0018521544359031195
2024-02-16,0.0031359922610050264,0.0018853317797273628,0.005249043635780267,0.005572698710557107
2024-02-19,-0.002976579241722105,0.009905026073666976,0.011889430234219015,0.010498762793527662
2024-02-20,-0.009245640040869618,0.0016481843975341428,0.0022428490620627125,0.002701907013156379
2024-02-21,0.02103696881335728,-0.0007285631947794772,-0.0009453907261933422,-0.0009806271240534847
2024-02-22,-0.0031796373851554604,-0.0036091732821699274,-0.0013363137137592446,-0.0014542547347643655
2024-02-23,-0.02046256576425756,-0.002657750506132619,-0.014406084474274643,-0.019114998851863733
2024-02-26,0.02555332324459386,0.0014656031242121616,0.010890271934427128,0.016106788370264802
2024-02-27,0.021447661960632865,0.008467150493329438,0.012009209600609505,0.013373322621075547
2024-02-28,-0.0011365581428279864,0.017123219268912096,0.009761366008886168,0.007467296036905065
2024-02-29,-0.010939999936675772,-0.00244544043977143,-0.0005878454077205976,0.000507636004427683
2024-03-01,0.004764946709570306,0.004919058879769225,0.008675213962207185,0.01096982657665684
2024-03-04,-0.0008040690740351244,-0.0013722945539677443,0.0021565161371897576,0.0036804208415775366
2024-03-05,0.007981010093985786,0.0034674057474576485,0.006157705516135383,0.007106691920033168
2024-03-06,-0.0051637795460921275,-0.002109294507359802,-0.003165610393733734,-0.004967466946366538
2024-03-07,0.005676327026819933,-0.00027521794843045236,0.006682794466250088,0.010032598352087068
2024-03-08,-0.024028788156392124,-0.0065600971403302925,-0.012359027007831163,-0.013947385458354753
2024-03-11,-0.0013004614820596812,-0.0037149156951438223,-0.006619383166716701,-0.007292028255420541
2024-03-12,0.013824643948302613,0.005581103375732518,0.007012242942137748,0.008262840794018273
2024-03-13,0.027654356931484308,0.008766355860422504,0.01997185722113226,0.025602267155038567
2024-03-14,-0.015210970596679347,-0.006598856288623522,-0.0029916751227731047,-0.0021536349386009706
2024-03-15,0.006888235301534349,0.0007188705643142414,-0.002319604893541155,-0.002862260207582743
2024-03-18,-0.03034186992735859,-0.011429714344121197,-0.02022590098271031,-0.0244835981506349
2024-03-19,0.005567092699425482,-0.0021856823876766967,0.0030271833661439937,0.0053064955390748
2024-03-20,0.026209437179766357,0.006000936578669601,0.009299421973315302,0.01090621305863308
2024-03-21,0.026591413348142877,0.006854729644034409,0.011588935709962186,0.013399079289389722
2024-03-22,0.008074968750290302,0.002765711821145721,0.00235464422147861,0.0025846208797881106
2024-03-25,-0.009901903920018894,-0.006219247874703872,-0.00908216488213027,-0.010422924652680948
2024-03-26,0.02203800211193001,0.006187161240049901,0.009412844357479085,0.01132260223679981
2024-03-27,0.020520707739316187,0.0027029304942822333,0.005956307408037851,0.008910868909201888
2024-03-28,0.004043773491681155,0.0008714449146776128,0.0038396062300401178,0.00446628603907459
2024-03-29,0.0014569031879947813,-0.00536246643672955,-0.005590183922215243,-0.006281580389316425
2024-04-01,-0.023464850973430953,-0.0037759301781966088,-0.0025813120317805913,-0.0022287909865759932
2024-04-02,0.009888597538974381,0.0018021795771484132,0.009595788734221636,0.01242671666385018
2024-04-03,-0.020950305563316982,-0.0025125712811099317,-0.0064560555473330145,-0.008178948907859395
2024-04-04,-0.013683213910115784,0.00283825254964239,-0.001420679182760813,-0.003332153528869522
2024-04-05,-0.014101807096373854,-0.007031332203045794,-0.012797183541585305,-0.016737901507061795
2024-04-08,-0.017519910430425042,0.0006990406305433443,-0.006537127384766773,-0.010213585852155559
2024-04-09,0.0012623917704482242,0.006728977148090461,0.009523879045816874,0.011375374351805743
2024-04-10,-0.0005401877579853754,0.0030603732031099177,-0.0025770993357383015,-0.005357285127654677
2024-04-11,-0.012814677894879554,-0.004102940784107214,-0.0011937065198256225,-0.00018782004472547563
2024-04-12,0.028482501093508375,0.004628756441931202,0.010663734374301197,0.012160059350689553
2024-04-15,-0.06071124381206808,-0.01956228264616451,-0.04276133800737649,-0.05321884105034213
2024-04-16,0.023249295754346436,-0.003534552284491911,-0.0039948281432568645,-0.004989785311537385
2024-04-17,-0.019161119994354433,-0.005668085040176919,-0.013388506000432765,-0.017043977107371395
2024-04-19,-0.036769404030617736,-0.012238519252128823,-0.021789473866577008,-0.0258163980668533
2024-04-22,0.0346207330965167,0.006049322877951666,0.012575301436751072,0.01839333746847083
2024-04-23,-0.020626287252475957,-0.006604722179461262,-0.01287413978109281,-0.01593646444990589
2024-04-24,0.04106625622741655,0.010684847302073306,0.026743155070565915,0.03371954836958742
2024-04-25,-0.014817167954728726,-0.00012129807765998581,-0.002990630498366446,-0.004776685675631046
2024-04-26,0.006131547104604854,0.004092161504508831,0.0055085414012520754,0.005316188454978094
2024-05-02,0.01608554930198509,0.011889008158201316,0.011744293678612414,0.011079103676486388
2024-05-03,0.01604075392944551,0.004800783714427025,0.004371262814200199,0.004242970514299245
2024-05-06,0.0026151347958630667,0.0039648287791940766,0.013763898451862776,0.01868370095855653
2024-05-07,-0.0007343482320131794,0.006485993172014644,0.008061634277172878,0.008070395080440839
2024-05-08,0.0034245089203379375,0.0046418968829858385,0.010550641829070612,0.01282681323324862
2024-05-09,0.0023889415746731306,0.00032825081085069923,-0.00035231389169044586,-0.0004143664327837916
2024-05-10,-0.004761381619261283,0.0015078924830942472,0.002076419669876792,0.0028845365603549396
2024-05-13,-0.011963956061725057,-0.002103090318580437,-0.0018134760288363503,-0.001126669400020317
2024-05-14,-0.0009071109533585255,0.0015788611038156152,0.002623046255289696,0.0033236583107694147
2024-05-15,0.027899519231895577,0.0029186575412667695,0.011087557611739442,0.014853567871507949
2024-05-16,0.014902601168070972,0.006387160039446712,0.007811497615545622,0.008221720721730793
2024-05-17,-0.0005104326363624862,0.0005720473374190509,0.004150778950522134,0.00593171827217178
2024-05-20,-0.01164579462547334,0.0012150926719892343,0.0007021797367279131,0.0011417711074513616
2024-05-21,-0.012914480011291678,-0.0027232933632170644,-0.0010227509737800963,0.001618252201150433
2024-05-22,-0.0062456743412448,-0.0036031163892378142,-0.004672331781656605,-0.004818876022786251
2024-05-23,0.008946641739160228,0.014132584249220254,0.01700551282798962,0.01721864810220995
2024-05-24,-0.0239328917830502,-0.011144783211741562,-0.019549628653289786,-0.023520118759212404
2024-05-27,0.006194866392499647,0.004497488904778765,0.006288791994873183,0.006287272771745425
2024-05-28,0.018773423335883083,0.0069247006984025205,0.011639502400088849,0.013170077033388076
2024-05-29,-0.011764517863549187,-0.003890822381505973,-0.00828007346341052,-0.010301307790696962
2024-05-30,0.00036343058488544485,0.0011448447215406511,-0.002484139092077978,-0.0032200121603456287
2024-05-31,0.00665655794965384,-0.007235805319184086,-0.0028082689900055147,-0.001726863192386566
2024-06-03,0.019015637220846017,0.010391658313385769,0.018410567517813732,0.02017203287136162
2024-06-04,0.013228852331393166,0.0016317367873075984,0.0059344012761461,0.006248212354584237
2024-06-05,-0.004218108238360345,0.009501518236811158,7.819393220251615e-05,-0.002790434630676403
2024-06-06,0.006377611050691067,-0.00657985372065691,-0.00318179695941432,-0.002228201861916002
2024-06-07,0.018575478257237567,0.004411887725929165,0.006736816902701426,0.007187467251995019
2024-06-10,0.009347803880909649,-0.0018018100959008927,0.005702047923471843,0.00829735515909885
2024-06-11,0.019419040784912883,-0.005784431439695655,0.004337999137839301,0.006930597994815233
2024-06-12,0.010410052522302538,0.00785155214232216,0.006877513414011295,0.007092842612206539
2024-06-13,-0.0049063122430256425,0.013732419592556624,0.0029576735620038493,0.0009560477687349742
2024-06-14,-0.01093299089910546,-0.01869622494962046,-0.021682890725270174,-0.02226055120205742
2024-06-17,-0.005448431202306577,-0.0065141689548123775,0.001030818797957572,0.0031570650883487295
2024-06-18,0.0033544638617764157,-0.000985966492100675,0.006170085129311941,0.0069513763748714425
2024-06-19,0.005174848836693297,-0.012457158032164444,-0.003241833940858157,-0.0009884864198240583
2024-06-20,0.010982694197350406,0.00034081664259086005,-0.0005930457986594234,-0.001570474694066318
2024-06-21,0.004575750528822496,-0.0010750520455670765,-0.002248976847970737,-0.0023460446988767254
2024-06-24,-0.032230160099530655,-0.010897970917454754,-0.02406400752325313,-0.029313717231544915
2024-06-25,-0.002008061441442248,0.000791797896802145,0.00521336116848086,0.007101142771882593
2024-06-26,0.003740675667448003,-0.00634790571497036,0.0008748842081758972,0.0019983690077173704
2024-06-27,-0.009457420339868627,-0.019833442849350475,-0.008534084844833978,-0.0058031791564689935
2024-06-28,-0.017552274207701887,-0.0010715453345824086,-0.010216882526403353,-0.013398332573118371
2024-07-01,-0.01650812270836903,0.007690714213618643,0.005886463864154602,0.006307078605371378
2024-07-02,-0.00012126506469073818,0.021180402766659705,0.011495587543193096,0.009987270127889499
2024-07-03,0.0312141225998662,0.002572780015761487,0.006755377301255635,0.00779665438516747
2024-07-04,0.019362128745707783,-0.002998026828702344,0.005538978869562336,0.008016619318394801
2024-07-05,0.021517222028334778,0.005690663662110536,0.003859966108748176,0.005297295723185636
2024-07-08,0.019012009937068638,-0.0053003117016975675,0.00545439346620231,0.009067876079889188
2024-07-09,0.0013904183923133132,0.009691374361593922,0.008845745779674872,0.008517310054795698
2024-07-10,-0.015560950814508229,-0.004011660700256454,-0.002942096965969953,-0.00300678232009276
2024-07-11,-0.0037427981098535363,-0.0029667412453426795,-0.002096168049839942,-0.0021515662425244304
2024-07-12,-2.8653176437221778e-05,0.00037059876405546536,-0.0013709294968577241,-0.0019859437844824135
2024-07-15,-0.0023842569166208456,-0.001390953397942813,-0.0017385085956861163,-0.00204710730953287
2024-07-16,-0.007643382079326889,0.0003328304282667777,-0.004215544868575112,-0.0059057133523397285
2024-07-17,-0.018068638594680005,-0.008857051491646976,-0.023287797670692334,-0.027858733203992948
2024-07-18,-0.0013295147906962664,0.0027963753467288156,0.01034723183519768,0.012561573284308934
2024-07-19,-0.022502404802458544,-0.004688414924356149,-0.00918171570855015,-0.010761504548049139
2024-07-22,-0.01629032483498343,-0.0029433600795130306,-0.011492313479317657,-0.015198011224298787
2024-07-23,-0.01334125055663343,-0.002174855923251617,-0.015489043820015341,-0.018712319178639213
2024-07-24,0.014993297110310007,0.0004847466197147286,0.009774937533898001,0.012536417962403101
2024-07-25,-0.006306241286897826,-0.0024033439945676483,-0.002766628487326599,-0.0028232125185246844
2024-07-26,0.019066022003352577,0.023421341314046374,0.015554300603771094,0.014762336413573357
2024-07-29,0.00863858626672536,0.005004117684152623,0.0038682227336751408,0.004447749928507968
2024-07-30,-0.0038393634535119968,0.00042628830835411317,-0.0031532183758722714,-0.004392452775701461
2024-07-31,-0.002475207509093639,0.008910697529688698,-0.0026137988367610724,-0.007045474845129712
2024-08-01,-0.023281199011274345,-0.005601912385690484,-0.025352426482442708,-0.03171159669295665
2024-08-02,0.007634755485312713,-0.0066602565128620035,0.01134788697498965,0.015068139277429426
2024-08-05,-0.04691256457974221,-0.025011960138360465,-0.04520824878782495,-0.05123367737882805
2024-08-06,0.016377249480818187,0.0057152939348838515,0.020205006918215154,0.02348967469619622
2024-08-07,0.00983567762169775,-0.0008993747290970972,0.005523243990214814,0.006363002986866055
2024-08-08,-0.017381289798971654,-0.002249983830760414,-0.005860870760052992,-0.00670876383431869
2024-08-09,0.03114367317147378,0.008317268311681695,0.015298207262727051,0.018755312787861203
2024-08-12,0.030194292726997893,-0.000820517356877242,0.006634298373622677,0.009801063740331097
2024-08-13,0.0108729048234265,-0.0001584905947631966,-0.00512207377031257,-0.005909738263939593
2024-08-14,-0.005445629651012111,0.0008640354045919619,-0.002158734510940382,-0.004335282737757101
2024-08-15,-0.015163348262999754,-0.007445610761734761,-0.010950918812370786,-0.013618237528305271
2024-08-16,0.016095677834601356,0.013818734394482696,0.027979646185339897,0.03351582082369335
2024-08-19,-0.0011014405508454667,0.0010964433491553493,0.008434578748255539,0.008472209578425987
2024-08-20,0.00397264978567347,0.010835678389905972,0.006689454651930712,0.006316235013387717
2024-08-21,0.01654289838684588,0.005684938922407957,0.006091081263806237,0.006126515836669116
2024-08-22,0.0008986479925967588,-0.0019122255896228488,-0.0029981893022948706,-0.0025426067482618416
2024-08-23,-0.005553691313354927,-0.0006554506213232358,0.002260427349428566,0.0028139317571210264
2024-08-26,-0.010990611621109352,-0.003904393657202002,-0.0044092002745656205,-0.00494967741936336
2024-08-27,0.009053051858462733,0.000637005015791554,-2.486441199176959e-05,-0.0018848283692387668
2024-08-28,0.006586723035889417,-0.0006694364997611978,0.0002969544364526821,0.0003522152962864398
2024-08-29,0.00038808453116199706,0.001220447529767039,-6.60658399838065e-05,-0.00036848371274704207
2024-08-30,0.0071380934426134735,0.002246320712049146,0.001103467435119829,0.0010052638319202642
2024-09-04,-0.0145682887591926,-0.00019169988619218044,-0.004814074883467443,-0.005875868198294517
2024-09-05,-0.013762260654956482,2.9887481744846008e-05,-0.006225200190229301,-0.009325729770097782
2024-09-06,0.010463662810763222,0.000629836031888546,0.0034157565888715963,0.004419642716551692
2024-09-09,-0.010008123176509854,-0.003153338202501005,-0.0043857891866525955,-0.004010263824581799
2024-09-10,-0.004139073889151511,-0.00725262952781815,-0.009187049060752052,-0.009592642465166114
2024-09-11,-0.0006691761730154303,-0.0020043187178690343,-0.0017216815684203324,-0.0015771291645580944
2024-09-12,0.009808553576726045,0.0030727752098839395,0.0017400555447347036,0.001500776749506952
2024-09-13,0.004632456895092559,-0.0024311068137547283,-0.0009478149382629653,0.00023470950868376432
2024-09-16,-0.016848935699531137,-0.009169370770401843,-0.012172393684565486,-0.012902092971326813
2024-09-17,0.011974280475117654,0.011761197086777633,0.014702829095873745,0.014592519390813505
2024-09-18,0.006595674997207908,-0.0010183380421828242,0.005676146587576055,0.008232674513336575
2024-09-19,0.005095493409659648,0.0033726435769719527,0.0032011593733356314,0.003157431723112305
2024-09-20,0.005325647742228772,-0.015939256911468608,-0.00043122330902333535,0.002823348153242896
2024-09-23,-0.00933725029717313,-0.010619773131540498,-0.005826206699403857,-0.0061651971678025495
2024-09-24,0.002187585033333142,-0.0005869568819378702,0.004362619247130067,0.005211154020404413
2024-09-25,0.0027819352156379634,-0.003554296515170267,0.007214060796873866,0.010083053742351581
2024-09-26,-0.003307329732005159,-0.0024741971673862503,0.001299708390934959,0.0014342111980911675
2024-09-27,-0.005546030765665123,0.012583974206411592,-0.0004321390103816175,-0.002833800923518076
2024-09-30,-0.0006951882099863267,-0.00786890371752865,-0.001889525169958272,0.0004343711522657555
2024-10-01,0.008654548241204102,0.0012324436868464482,0.0038042753882081217,0.004167722675904521
2024-10-02,-0.00460284838955387,-0.0003737648032189653,-0.0030998919471485952,-0.003653594879918931
2024-10-03,-0.01034742950587225,-0.006458117848633339,-0.010811722688044966,-0.01170700383538068
2024-10-04,-0.0003812673540110002,-0.003414053459622049,-0.00434968089596589,-0.0038862150237340028
2024-10-07,-0.0052782714451130005,-0.0024996875070253275,0.00018498065909613217,0.0016681431056345618
2024-10-08,-0.005956251481836563,-0.0008609526874424837,0.0008050786110694114,0.0005298899447662794
2024-10-09,0.012932391843518297,1.599378626815638e-05,0.006928016867796676,0.008225344371843715
2024-10-10,0.03316522640676484,0.004772708648541564,0.002642218242319293,0.002140861135094799
2024-10-11,-0.011626192750632465,0.003794029615802766,0.0043484361807908465,0.004653378211135668
2024-10-14,-0.009524781693749672,0.0009616643518156304,-0.0011790215339527253,-0.002489542861146222
2024-10-15,-0.00468178756574961,-0.004453107902448895,-0.0084143205287059,-0.009955487452064867
2024-10-16,-0.006981648434067204,-0.0006353131392294484,-0.0033733990348850775,-0.004835781394523317
2024-10-17,-0.0038325382538364774,2.6794443676625917e-05,0.002971383418786102,0.004170840594691987
2024-10-18,-0.00046294231597329905,0.00030498326739285785,-0.0036696852604599776,-0.005211280038387652
2024-10-21,-0.01794155817873483,0.00199565308811625,-0.006202614006563576,-0.009901666122804622
2024-10-22,-0.005072177884809626,0.0030161589615509575,-0.0036502256376766307,-0.0057917122198648426
2024-10-23,0.005963887271739516,0.00419165671274989,0.0027547063552623608,0.0022212172024109965
2024-10-24,-0.004661063529218262,-0.004616900381665285,-0.00832285445995027,-0.008631260412156123
2024-10-25,-0.0033894758395371003,-0.002768477364355581,-0.004273632057483081,-0.003934042247216205
2024-10-28,0.007338161943007785,-0.002560460959169611,0.00355229641277988,0.006369007646215723
2024-10-29,0.025726681415568445,0.0003058110342715649,0.005713410342007792,0.00792856984049431
2024-10-30,0.0006793219973796518,-0.005986611043092549,-0.004681049415281758,-0.0041612219327090945
2024-10-31,-0.00669447876360869,0.0075859546212768214,0.00114730539796899,-0.0005356069063999381
2024-11-01,-0.011298271198313418,-0.00415216197133822,-0.008410155554093053,-0.0098285915819281
2024-11-04,-0.01295235275937937,-0.008437785658269047,-0.006656582669395707,-0.006491236470579016
2024-11-05,-0.0038615817647850914,0.004640153593518991,0.0009488475899328777,0.000664687074369591
2024-11-06,0.02189694264879248,0.0020386357985194958,0.011332017446686703,0.014196495804119951
2024-11-07,0.0038751876338847225,0.0033816051510462543,0.0018621916637133944,0.0023104114148054383
2024-11-08,-0.0005583794131959877,-0.006140915602604553,-0.005668663236906999,-0.004028843523584341
2024-11-11,0.03523169672716731,0.0006470686429263284,0.0038179791764971793,0.006516376935105049
2024-11-12,-0.014533438005647327,-0.0026726305631436377,-0.0024820725346065527,-0.0021117209220146674
2024-11-13,0.032011136804895285,0.0005825602520015311,0.001679760420919905,0.002776772714561136
2024-11-14,-0.020781401028467532,-0.0034335866965841807,-0.009934155220857577,-0.012440974708008838
2024-11-15,-0.02586761373268581,-0.00505140092636107,-0.01419117114016334,-0.017223785293504157
2024-11-18,-0.007606397003320084,-0.0029759404532802534,-0.0014402270805099436,-0.001714447041346023
2024-11-19,-0.023420434969521585,-0.008725827422907574,-0.012355890231817724,-0.01652323582327662
2024-11-20,0.013474892277460996,0.0038665354343532356,0.008649141812770173,0.00926916184464908
2024-11-21,0.008473035463488297,0.004414903074065639,0.008693862889543453,0.010078776779241929
2024-11-22,0.006177193383731888,0.0025902140274389716,-0.001237323855802231,-0.0015045250395461561
2024-11-25,-0.004048075147999472,0.006998544533104507,0.008020227057840832,0.0076542746712110156
2024-11-26,0.011947511954012967,0.005746564906013298,0.0055999464923254,0.006082482207710387
2024-11-27,0.015576374433038524,0.000928992964870768,-0.0016949311907082313,-0.0018466272873773758
2024-11-28,-0.0025528195406622468,0.0025016809620135,0.000820179243507288,0.0010157179140479922
2024-11-29,0.021750917576628687,0.004688482436005688,0.00504805283464463,0.005715757478819814
2024-12-02,0.0022342481853668645,-0.0003854609010397604,-0.001573383733532611,-0.0013574999163227686
2024-12-03,0.009804836827006707,-0.006678487076488799,-0.0004977282146575534,0.0014055566595187004
2024-12-04,-0.008224441973138584,-0.002082431458827246,-0.005684312031467066,-0.006938250269745833
2024-12-05,0.027950767102443066,0.010992154765298589,0.019782295525562793,0.022178384594304497
2024-12-06,0.01832162002372755,0.0028847310540676212,0.0036506610858560466,0.0043116206732641054
2024-12-09,-0.007707978926183399,0.003274782150122215,0.001418566262708169,0.001337405349415877
2024-12-10,0.004069393566403805,0.005264645528607857,0.000427277151173237,-0.0009674110343343394
2024-12-11,0.011676159862889716,0.004833056073485986,0.002240072100108215,0.0012931819530812624
2024-12-12,-0.009334953352048937,0.0036470790238931515,-0.0010675558287085189,-0.0035377133796488385
2024-12-13,-0.00582597760176328,0.0007968326902548736,-0.004552473511289422,-0.006965211766514456
2024-12-16,0.0052400097608429515,0.002679850653636358,0.0027947781426696278,0.002456397296740551
2024-12-17,-0.005188934977401054,-0.00022077127668725452,-0.0016477745837222889,-0.0022543736229624386
2024-12-18,0.00518528868746243,0.004597438033528564,0.00514724422878715,0.006710059696974988
2024-12-19,-3.9659115742789506e-05,-0.007194879526609796,-0.005986652719614885,-0.004614764467301063
2024-12-20,0.01585330981036091,0.0005080891272132154,0.0026252807382949775,0.0035278180240824134
2024-12-23,0.0022832314700353476,0.0014599425637152911,0.0017211831152906785,0.0017640271196730948
2024-12-24,0.013691363800227884,-0.005257876080669311,0.0008009148887525225,0.0030510957488788853
2024-12-25,-0.0004746934015972464,0.0051803952531217,0.008561186290529238,0.008868270520487961
2024-12-26,-0.007239151312076591,-0.0010216107712922038,-0.001887291760010069,-0.0030542869362780918
2024-12-27,0.0002257211823892213,-0.000750207771657743,-0.0015891594038137905,-0.002440022438273485
2024-12-30,0.002678711460789599,-0.0016203783874648187,-0.0023769070524557617,-0.00266294969857708
2024-12-31,0.0023482809541796102,-0.005552329321974178,-0.003733589844653071,-0.0036513883438433073
2025-01-02,0.010712881174798196,0.005105476109574685,0.0028682320454307977,0.003403700072127035
2025-01-03,-0.01868615555063191,-0.002179553737991497,-0.009197203849922442,-0.011528623274928177
2025-01-06,-0.012743469059220375,-0.0001842451527861622,-0.010701370753824114,-0.01480274601228394
2025-01-07,0.007638508818238878,-0.004828635383827138,-0.0064442903943577,-0.007243731991663883
2025-01-08,0.005896244415816553,0.0019761632104432843,0.004498544117329657,0.005883805859697575
2025-01-09,-0.013260273437181546,-0.00043856303065858537,-0.002022733685011734,-0.0037793636812207547
2025-01-10,-0.007645902298846805,-0.0075212943244981475,-0.012084884419432769,-0.014527888349876969
2025-01-13,0.0013688004506194464,0.0033555969768511414,0.0061252208577321,0.007043352239575639
2025-01-14,-0.015273798185111181,0.0014286780678357336,-0.003226196334363368,-0.004048267462767251
2025-01-15,-0.0009926884414415266,0.001146602085390902,0.006591517505928448,0.009033616871061823
2025-01-16,0.010449969955626732,0.0055982754576797454,0.005187941951286489,0.0060444182179755475
2025-01-17,0.0063024212316312314,-0.0002450865308066383,0.004426323246141162,0.006170185852423982
2025-01-20,-0.0026804212706552305,-0.00016055403175503058,-0.0010139302089231114,-0.00214072676481403
2025-01-21,-0.0037644609993208837,-0.0037827733989338435,-0.0034164098666936817,-0.003309320875435404
2025-01-22,0.0025939055749153355,-0.0037391137740663428,-0.004877125142329095,-0.005682245617267712
2025-01-23,0.017104660568589735,0.007014800806390358,0.011337398094611949,0.013474033786383672
2025-01-24,-0.007061358674802273,0.003728032503871119,0.0034484847492119598,0.0028087864860434075
2025-02-03,-0.01716212573196469,-0.006819918624965509,-0.007844380315378905,-0.007422489215210177
2025-02-04,0.015872474325421344,0.0032692169707737927,0.00986799632361258,0.013287334454676763
2025-02-05,0.0063805551645449154,0.003647918869245661,0.006749090044305088,0.007717553952601233
2025-02-06,0.0014102232593024072,0.0008166332236459708,-0.0006939744609663505,-0.0010777102993990903
2025-02-07,0.010942780823456994,-0.0008142315103631504,-1.0314457382125614e-05,-0.0004456900550412259
2025-02-10,-0.0227581617893331,-0.0061778309956116665,-0.012230633421647258,-0.014316885233283934
2025-02-11,0.015757326269399952,-0.0008652420927624628,0.004415286027686133,0.006519408888978318
2025-02-12,-0.00245443618834743,2.8205592812468145e-06,0.0004321861978253009,0.00038871396375979024
2025-02-13,0.0024410666241270074,0.005062891280064312,0.008041393892241306,0.009122139699175753
2025-02-14,0.0020152783337067607,0.0027155803811006324,0.0016380913297918708,0.0019330158913970638
2025-02-17,-0.009118298953240078,-0.001746691680749716,-0.0038868699743178667,-0.004011690771706275
2025-02-18,0.0009872049032780925,0.0011490977910022105,0.0017811229100100467,0.0022619820128836204
2025-02-19,0.0053237808971955715,0.003916091947389243,0.007523497945437195,0.00896799061491128
2025-02-20,0.0031237323217490976,0.001544428492800729,0.003888539884760872,0.0036870911101546684
2025-02-21,0.0014051830140589564,0.0017220911273112883,0.0002948391743304952,0.00014830513621283688
2025-02-24,-0.0027903309478065855,0.0031362344396785894,0.0060370637478834,0.006742828890129411
2025-02-25,-0.002332701993269365,-0.0015792967071876246,0.0018577215214464976,0.0033621330530765933
2025-02-26,0.0034248703036604757,-0.0010856909489848415,0.0012026564140011008,0.0020624276622763734
2025-02-27,0.0008559010546476777,0.0035122714397792356,0.004619398712242251,0.006232483873665364
2025-02-28,-0.0021179844344171037,-0.0011181762088180575,4.93889020886114e-05,0.00045922634854228805
2025-03-03,-0.006852231477065817,0.005562391989556108,0.003547007179541042,0.0027550752433036373
2025-03-04,0.006206060094326508,0.0014808023331632774,8.644123924926548e-05,-0.0002548144136760131
2025-03-05,-0.011287144067081274,-0.005241043142340121,-0.008832098784735292,-0.010475655200497482
2025-03-06,0.003794747393404589,7.467921419857387e-05,0.0075639220340978025,0.011188816037959246
2025-03-07,0.008476785225409487,0.0021760849681464254,0.004272554406648882,0.005609342186978429
2025-03-10,0.0020177253324795822,0.007020070825512647,0.0015584423431564995,0.00022593745491474853
2025-03-11,-0.0025676999195775752,-0.0035020333118496575,-0.0017373025921151824,-0.001058872774421321
2025-03-12,-0.006186768366256855,0.007348947120445095,0.0005197861922177692,-0.0009157430706213802
2025-03-13,-0.018387509411866704,0.0009365175803125056,-0.004708309592008819,-0.006724112705766155
2025-03-14,-0.0037237189241530436,-0.00024278641543376098,-0.005084801617864716,-0.006743681461908919
2025-03-17,0.0014410470686378068,0.006210648472888999,0.004721512514666752,0.005415826896846038
2025-03-18,-0.002783083194473951,-0.0005297991076175377,0.00020813680104260452,0.0005732407225661319
2025-03-19,-0.010304839378506174,-0.0034891157734656215,-0.006690083444087091,-0.00813337143956033
2025-03-20,0.008640908679012068,-0.0005078262033560392,-0.0006111906144959987,-0.0003393238718835181
2025-03-21,0.007900329721008318,-0.003776274457301016,-0.0007549245437418727,-0.0007592330691312655
2025-03-24,0.0033102632167231983,0.0049824524886262845,0.005786315702029083,0.005995996094171089
2025-03-25,0.011532607792678564,0.0009580914552384666,0.002325725483850458,0.00242509832913759
2025-03-26,-0.0009985875730116815,-0.0011402010550993398,-0.0022069097768592618,-0.0031668903517307087
2025-03-27,0.00040200254550537616,-0.001758792946806581,-0.0009271551099863365,-0.0009448933699651632
2025-03-28,-0.0038086567444781893,-0.005433270359104587,-0.006277436843463307,-0.006752243168424342
2025-03-31,-0.0028501800995855064,-0.005388705479299612,-0.007854484214700579,-0.009759064723985267
2025-04-01,0.005540587673699564,0.0051917481748516535,0.004924484250009929,0.0062488440333357724
2025-04-02,0.008213057003609798,-0.0003551820443962767,-0.00046188704991504645,-0.000105934547394698
2025-04-03,-0.05311914549765773,-0.05811727161217945,-0.06354438313124146,-0.06763233856989656
2025-04-04,0.02043236361847513,-0.025279736936618884,-0.025418318526001446,-0.0318882047138155
2025-04-08,-0.04838988796910194,-0.05318316432693183,-0.060285193010735066,-0.06594969999433718
2025-04-09,-0.0076990471688179575,-0.03431766698040422,-0.03974253136157083,-0.04907217929784274
2025-04-10,0.05848135784249731,0.06165465001613564,0.06523816491134087,0.06783838886477687
2025-04-11,0.04416357512625269,0.050795039672731745,0.04879919084941461,0.051852356806169356
2025-04-14,0.029354779872067107,0.010961849252526197,0.01787652300647668,0.02321776515745659
2025-04-15,0.011688572291165503,-0.008099430514512939,-0.011115880149245938,-0.012738634538763505
2025-04-16,-0.01038943135370346,-0.008698783649367494,-0.011741297561357437,-0.013007550712409817
2025-04-17,0.01929524003302065,0.00011643962577516743,0.005190315511683258,0.006799443619323436
2025-04-18,-0.01597986658373947,0.002498991884107808,0.006529504242873703,0.008142634200188792
2025-04-21,-0.02203211719312896,-0.0051500333304983536,-0.008502700821817706,-0.01062110040431343
2025-04-22,-0.004809018515988839,-0.0028928507972327167,-0.008374646384018776,-0.011272260038527054
2025-04-23,-0.0036827330050658584,0.0034597359765056613,0.01432016809454019,0.018954880947607278
2025-04-24,0.021799201454112706,0.006982670187239876,0.009762340193720099,0.010279719223820332
2025-04-25,0.024877660340339426,0.01099879034334122,0.008251882758672908,0.006387203855261942
2025-04-28,0.0010716588194073947,7.138679097809614e-05,-0.0001741597353495455,0.00035027280597642893
2025-04-29,0.00882236373981567,-0.0058078310589249876,-0.0008946704601581454,0.001746516918242602
2025-05-05,0.017008831560077677,0.0012291944498997794,0.017852753272869913,0.0211727854317047
2025-05-06,-0.00953268446597925,-0.0032052275181006645,-8.908238719944251e-05,6.242069130100743e-05
2025-05-07,0.028659956558065636,0.004029076564992627,0.0063711254060766775,0.006299435603913131
2025-05-08,0.02807802531923998,0.004903463034801805,0.01144242515475659,0.012714745568388702
2025-05-09,-0.012498975167957442,-0.0030560191499829957,-0.0015607096965703786,-0.0012851518451452964
2025-05-12,0.019039679521080623,0.004336776193641008,0.00900289423157665,0.009209812945053223
2025-05-13,0.00238688600624031,0.002745110026998913,0.0071149486328446416,0.00811425050765629
2025-05-14,-0.0052273636499994705,0.003924141917988289,0.007408971515393003,0.008620541041040727
2025-05-15,-0.008340014762097019,-0.0014818905301413163,-0.0008504604446845211,8.867772157560305e-05
2025-05-16,0.0028681203670542057,-0.0056552373170617115,-0.006099808182368416,-0.0063307912490892775
2025-05-19,0.0253466589325422,0.00344731654367978,-0.006135378234601135,-0.008157241257572665
2025-05-20,0.04158980878171607,0.0007129958420159901,0.011250611596142593,0.012458134632288155
2025-05-21,0.029915919699241914,0.004676061400407246,0.00487225314851258,0.003679256713560586
2025-05-22,-0.0012344038635543762,-0.002337220639669914,-0.0055276281380890885,-0.006110728612111221
2025-05-23,0.009832742490766043,-0.006288436462916064,-0.001421579926838391,-0.0007889224853593783
2025-05-26,0.006795706590559444,0.0063195350528461956,0.01603390267806003,0.01752102588176774
2025-05-27,0.02072423088156629,0.003194005899452475,0.011349712446151301,0.013234677125380085
2025-05-28,-0.005531692228249568,-0.0020473450379299147,-0.0019254105485383556,-0.0020808752603531876
2025-05-29,-0.00035810191859777553,-0.0024692611636055136,-0.006385260470463548,-0.0077921210910267494
2025-05-30,-0.004590811769743967,-0.003083909395717875,-0.005173374562644177,-0.0058043235374342405
2025-06-02,0.004574472484060988,0.005479686122909467,0.0074268977328257055,0.007761142295265886
2025-06-03,0.0007225278691740016,-0.003311815458984368,0.010277795092652014,0.01301585987513878
2025-06-04,-0.004150284939005713,-0.0006399285704025888,-0.0026166947883065044,-0.0031044577508224725
2025-06-05,-0.0050857062216432825,-0.004294935760619065,-0.0012338517771824681,-0.0006696813815703999
2025-06-06,-0.0058725599688608295,-0.010305597826759593,-0.009278963859408447,-0.009165836451850285
2025-06-09,-0.047491587523570446,-0.012863347942969576,-0.015194904901041232,-0.015637509810769556
2025-06-10,0.0010950317405853517,-0.0024773348927124494,0.0021072250715707085,0.0028396769497106874
2025-06-11,-0.005274666656993808,0.0002953645390301803,0.0023471181588516406,0.0032661917995948173
2025-06-12,-0.014308133122846218,0.0020436117727045803,0.007120851333193394,0.007970825131372414
2025-06-13,-0.011091989636966325,-0.005445118905172821,-0.001973877480165772,-0.0014722838962754805
2025-06-16,0.0008620422255180432,0.000997744206650997,0.01918681286089424,0.02300089676112941
2025-06-17,0.015694889294114663,0.011324646872680925,0.004880710831892673,0.003714787268757095
2025-06-18,0.006491251716085333,0.004875374703179072,0.0010646354915231889,6.023602866979421e-05
2025-06-19,0.0220633828169522,0.040128546864503754,0.0053634385210828755,-0.0007749020439626471
2025-06-20,0.003285789680873813,0.027057249784937835,0.004186117453478107,-0.00019681026793076932
2025-06-23,0.030836513104671726,0.0007311082420838337,0.00234141974699775,0.002484055995862727
2025-06-24,0.007507777898123283,-0.005030320248704611,0.0017057011398585729,0.0029312134385856416
2025-06-25,-0.003156289822140629,0.0013224327028127111,-0.0007508294558600633,-0.0009897227929571459
2025-06-26,-0.008745644303316659,-0.011519706835156405,-0.002930983321067886,-0.0013640035770924707
2025-06-27,0.0006430012160852348,0.0006325524233136712,0.005332529924377833,0.006450795370316534
2025-06-30,0.005019771344111596,0.00474289329663193,0.00855453791114801,0.00977608370066525
2025-07-01,-0.0012953263468508764,-0.008256441201179247,-0.0043122184018209875,-0.003972112729056923
2025-07-02,0.0032923429235065926,-0.009665198822262017,0.004562741725586534,0.007205147204898338
2025-07-03,-0.006342411173574315,0.0007931713253399548,0.00359442685550079,0.004274115903814118
2025-07-04,-0.010409734407701314,-0.005347159940745865,0.002279661061549752,0.003134555618107327
2025-07-07,0.009482522570339713,-0.005405197060919289,0.0037202039067771816,0.005019648310910361
2025-07-08,0.008385985002960788,-0.0012547285539859048,0.00995933544937007,0.011636303425825268
2025-07-09,0.011991715825459355,0.012306928402068588,0.007837256301008932,0.006584928284681961
2025-07-10,0.04197058369332037,0.003981913682625175,0.006855239809169581,0.007289429768146458
2025-07-11,0.03475254786551516,0.008833452593539131,0.004254086519559338,0.002827594468319291
2025-07-14,0.02759402381754115,0.0020960009070602327,0.00430455648691204,0.004354003786304012
2025-07-15,-0.011722890021819372,-0.002437803372490053,-0.0029886414595855734,-0.0023736760377202574
2025-07-16,0.03243228186869109,0.001016097835430688,0.007306943263245066,0.008041839389839513
2025-07-17,0.029763351888498896,0.004320621185668153,0.004420682192823719,0.004367725366372585
2025-07-18,-0.001974664353930732,-0.004156344280516617,0.0035528687795142472,0.004319614868629454
2025-07-21,-0.03970194346556781,-0.01947522196670109,-0.008217950572625247,-0.006442649920672299
2025-07-22,0.03267840533027754,-0.0016221987248542463,0.010993649325758083,0.012934595805393904
2025-07-23,-0.01858185878417795,0.012251555869071335,0.008722579555317939,0.0092306561438009
2025-07-24,0.004241899665636554,0.004948523070300123,0.003522654959435224,0.002923494250058037
2025-07-25,-0.0026812488800707444,-0.0023422410301334037,0.008330313858677413,0.010620032228731497
2025-07-28,0.013123826773578947,0.002868915914532228,0.016550148335996363,0.019372336164194526
2025-07-29,-0.03486206813580755,-0.015941892381796927,-0.039082327828244286,-0.04360486409173813
2025-07-30,-0.012200186400384038,-0.010317371149285706,0.008437069995446791,0.012041626574511183
2025-07-31,-0.02405956311757811,-0.0013294183683417275,-0.0020311894769054644,-0.00151320574858424
2025-08-01,-0.012077255316258164,0.01070205132381644,0.002483195753013864,0.0007845655097331734
2025-08-04,0.04143845057927384,0.0033103156998674083,0.014664672059675584,0.01642996717242721
2025-08-05,0.020541099098038477,0.001125929154355463,0.0018185319629952191,0.000899376939037814
2025-08-06,0.013887865370499752,0.003193509020962129,0.014470238882271296,0.016309551218507235
2025-08-07,-0.013017501160876473,-0.002865913233556184,0.007722295578817722,0.010208654048753638
2025-08-08,0.0014167095513532033,0.0010296200185854751,0.00442270402462993,0.0050294502147404975
2025-08-11,0.005171023357017216,0.003324303778072886,0.006758646488017538,0.0077122630416987335
2025-08-12,0.005057499763458172,0.007689850900112793,0.013332442303483932,0.014660430048136445
2025-08-13,0.009029859430678567,-0.003554773103545198,0.00476526475208577,0.007210650995530235
2025-08-14,0.022212941850090952,-0.004109670625110272,0.0027457184238638627,0.0033777215316579626
2025-08-15,0.015137553041144707,-0.0063760697478518445,-0.009157613928293545,-0.009613588835626404
2025-08-18,0.007548812641119011,0.004905692289498268,0.007143576027556376,0.007859071533698648
2025-08-19,-0.000604051126741864,-0.01024541384808602,-0.0024111046465149708,-0.0011478364868564293
2025-08-20,0.020945565722762266,-0.006059450977003538,-0.01485485775449021,-0.017716070814716305
2025-08-21,-0.003237306626707028,-0.0004857925183389372,0.0005744702996000185,-0.00026290998234943777
2025-08-22,-0.03590822535886613,-0.009826902736646968,-0.024839866353848116,-0.027705983711943476
2025-08-25,-0.0017865139308616482,-0.0014265006939302746,-0.0103170873645521,-0.012478098327424204
2025-08-26,0.05323186555129686,0.015372743992861374,0.029316209414351067,0.0319095371546811
2025-08-27,-0.00015065940237412017,-0.003388514238010693,0.006502345704180311,0.00837689596137972
2025-08-28,-0.00012812421812507038,-0.0002549061260393622,0.004551411330063151,0.005772756711541345
2025-08-29,0.005256778038724503,0.0012091802945996578,0.00019187164776643867,0.00038284157215671147
2025-09-03,0.0030243825977359622,-0.0007659429761177769,0.008108705637569352,0.010365640717058222
2025-09-04,0.0029804061525039484,0.014263173332478705,0.014567433768602823,0.014824509933863169
2025-09-05,-0.027809602609365616,-0.0029360642583724245,-0.013690154995140173,-0.01605867867307731
2025-09-08,-0.020617368268792544,-0.0058174833975764995,-0.019685696187004664,-0.022999786004521888
2025-09-09,0.020800168803999212,-0.00905508233988215,0.0021607807364109094,0.004298989312756941
2025-09-10,0.013568535494569423,0.005151875387618469,0.0026814720021412445,0.0020810038606427525
2025-09-11,0.017596654009821244,0.0004563250735364063,0.005199321700657953,0.0049361354661464065
2025-09-12,0.006638664999911543,0.0037360449463005544,0.01108759504051499,0.012120176239345479
2025-09-15,0.011877439147558216,0.006722306788211167,0.012469850138821834,0.014253262911169974
2025-09-16,-0.022529961150364996,-0.010647045761474402,-0.004771692105412618,-0.004661212190183644
2025-09-17,0.012908690038000374,-0.019066922445814486,-0.007164413223397178,-0.006248650974628429
2025-09-18,0.007416717437106792,-0.005063142208331552,-0.004413647742688326,-0.004284359197459758
2025-09-19,0.01796449180695759,0.001273637251751278,-0.00371176260901568,-0.004807426436078917
2025-09-22,-0.025243931246840278,-0.02201216073776046,-0.02238040175105662,-0.022361604711068163
2025-09-23,0.0013625773450338377,-0.0010811009311797813,-0.0008975046760514811,-0.0011014124910888293
2025-09-24,0.009958430215561,0.02036679205111723,0.013762075518037459,0.01340329856883791
2025-09-25,0.037913313588168386,0.009642278505733298,0.007329333243884533,0.006953814773609387
2025-09-26,0.0027092617093322892,-0.0022727013239635615,-0.00710779109195366,-0.008236558071967371
2025-09-29,0.022827148613458137,-0.0145135989528889,-0.0049864651453845055,-0.003697753264300316
2025-09-30,0.004544976273222855,0.0031651358480744205,-0.006712312622858491,-0.008892868979601438
2025-10-01,-0.017857496088767886,0.010254910964230712,0.0010499020257063018,-0.0004635834156029945
2025-10-02,-0.00920536284363719,-0.003060101212475196,-0.009449122194728661,-0.011029654743038948
2025-10-03,0.01732322041065805,6.851822349460177e-05,-0.006766298654999243,-0.008640816188886851
2025-10-06,0.027049447517966656,0.009684316558652647,0.027385022828001423,0.031093143810825962
2025-10-07,-0.00988083779019311,-0.0035340387340745618,-0.008490882956555597,-0.009436485077146882
2025-10-08,-0.01708080895837208,0.0022560885115851465,0.004708789239121461,0.0042949758305725365
2025-10-09,0.005261139730011279,-0.002423626434384544,0.002598035224137805,0.002449939373193766
2025-10-10,0.04933848182402466,-0.0027860552938841886,0.008199899111096816,0.009204887547988032
2025-10-13,0.05236821055307035,0.0010382490672158568,-0.0001007123610385383,-0.00043187311396233305
2025-10-14,0.01682451823757338,-0.005707926608261772,-0.009627038730082874,-0.010851355972906325
2025-10-15,-0.001977028573231892,0.002835786844768178,-0.0027163661809819634,-0.002905614522454744
2025-10-16,0.003311898533868581,-0.0002545822319378777,0.003197001504047289,0.003895727668099238
2025-10-17,-0.03285304975234039,-0.0036719172837923362,-0.011374111563034278,-0.011548845684977686
2025-10-20,-0.05329706272156058,-0.013913963438512384,-0.0442409741180472,-0.04878220246255661
2025-10-21,0.013184791477513126,0.006241878932965135,0.012375383890084465,0.011728952847563956
2025-10-22,0.0013685049158133295,-0.005662385712148214,0.009560658577410083,0.011374991221854494
2025-10-23,0.055893034741572846,0.014189273758697982,0.004490699243958043,0.002868906691811208
2025-10-24,0.001954635581590926,-0.0009219313002464919,-0.0005801737300352548,-0.0009076467285782598
2025-10-27,-0.033079068088063976,-0.003154487024722263,-0.007380239494671896,-0.007682100969668168
2025-10-28,0.03549112214760983,0.0034768169469380082,0.014581130005081466,0.016423103313468666
2025-10-29,-0.021634163025949227,0.0031452379209791262,0.008915406203791384,0.010231732336477705
2025-10-30,-0.030255520159228187,-0.0035666110025966936,-0.00137657255973889,-0.0008555620083747381
2025-10-31,-0.057600842069532816,-0.0019336466806021578,-0.004311030822953089,-0.004297923108682911
2025-11-03,-0.008273314664615812,0.012916583428106854,-0.008563028943154595,-0.015761606187434572
2025-11-04,0.028478942324829996,-0.00489398353373823,0.012083881969365082,0.018204431957199355
2025-11-05,0.01761295746802703,-0.001204923267760437,0.0014951882112938096,0.0007556942457335481
2025-11-06,-0.002730694384794208,-0.007214898003504254,-0.00647826905350659,-0.006234227778050717
2025-11-07,-0.029805114821671506,-0.009664240160936288,-0.01693665994883473,-0.02050653572791053
2025-11-10,-0.008362203589666769,-0.007411249682500571,-0.012070578889528082,-0.011493222362550718
2025-11-11,0.007052195854185153,0.011107614195838465,0.008238579572886422,0.0075053092779733465
2025-11-12,0.033482876578486226,0.008654942547469032,0.01695275930252358,0.019138454813432706
2025-11-13,0.0038339836664684534,0.005954066683703443,0.009356358428593232,0.009528102485802013
2025-11-14,0.00357838651460506,-0.0014904336038306719,0.0005750999083094827,0.0006622734374209045
2025-11-17,0.017161901453375827,0.003580898481827911,0.00717273357300953,0.008959542054157919
2025-11-18,0.0033196067623261567,0.0006934144153186848,0.0012691166085589782,0.0021614667325814854
2025-11-19,-0.0021723413228706004,-0.0070833381231794855,-0.006345312205549815,-0.00801734831546884
2025-11-20,0.008407469599549112,0.003326397223713111,-0.0019853682373877283,-0.0034143717343860045
2025-11-21,-0.00317336035309767,-0.005231223188825936,-0.005463168026607267,-0.005808901960846369
2025-11-24,0.014550257353486194,0.008452280684154542,0.0007595344590413507,-0.0013595367414131808
2025-11-25,-0.005717407484147924,-0.010185390745387064,-0.01293397004289028,-0.014645358705309015
2025-11-26,0.014589113655223307,0.0022824076421133644,0.012181651653488305,0.015577374764947449
2025-11-27,-0.0007883735662392618,0.003121841334118111,-0.0010394683768094307,-0.0030703908213532273
2025-11-28,0.017580815674785377,-0.00358639791090349,-0.0022426185588104133,-0.0028030472842523
2025-12-01,0.010019091487850828,0.01844308489292462,0.004015287405828441,0.0004287559291952263
2025-12-02,0.014585733042708453,0.012291752421620283,0.003533210838118913,0.004165166789187428
2025-12-03,-0.009222054574787792,0.0007218037879112105,0.007231812416881022,0.009086104272648615
2025-12-04,0.005198425528309482,-0.0012862913255279615,0.005889457598684339,0.007592168010589244
2025-12-05,0.024341937357322437,0.0007187766733841757,-0.004932871307840501,-0.0074899181247226375
2025-12-08,0.030566962648301117,0.020281060818265854,0.0025255961909932505,-0.0018309262887422496
2025-12-09,0.0027692581697515936,0.001404291576756582,-0.006563811635118814,-0.008300506895993291
2025-12-10,-0.029593302048562385,-0.010529901660115292,-0.0040684423099128925,-0.0034591198189409178
2025-12-11,-0.009172928413350606,0.0008135473331876402,-0.00417528473867179,-0.0047199355378850635
2025-12-12,-0.028648123680167885,-0.016921157709554737,-0.029195292637161734,-0.03393945531399259
2025-12-15,0.003996415915008818,0.002259176476465189,0.003319727519595226,0.002185242234883896
2025-12-16,0.02564484012859985,0.015230956835448874,0.018319186310924183,0.02158916828462438
2025-12-17,0.013892486652075276,-0.010884028228238555,-0.004981887671313658,-0.005529116615490651
2025-12-18,0.004521872168263891,-0.0003257513613790606,-0.0010223638231026083,-0.0007567573438569092
2025-12-19,0.026808945659929948,0.003187551993486205,0.006844455203651177,0.007549749019556818
2025-12-22,0.03829914486787105,0.0025694598056420614,0.013428481790592764,0.016401042831836323
2025-12-23,0.02668284914722284,-0.005994592476641792,-0.0032544854719755894,-0.003416334709678934
2025-12-24,0.002961598236206151,-0.005068439869533914,-0.0007022745982440366,0.0014070155213208233
2025-12-25,-0.04738690961188803,-0.005560189955980159,-0.007898992965124337,-0.010630768751755301
2025-12-26,0.0006671095312695344,0.000667205633549672,-0.0009086623114931688,-0.0016116701328182804
2025-12-29,0.029204557540579074,0.021692091380203775,0.013983589340882792,0.012358283466667905
2025-12-30,0.008757819141262484,0.0031837936843092385,0.002691754373691543,0.0022175707009001173
2025-12-31,0.018027208272561396,-0.005703206359169687,-0.0006558954836275891,-0.0006255299464660168
2026-01-05,0.016546026163629608,-0.0012428365445787163,-0.002431460918600179,-0.0040146330564086955
2026-01-06,0.008446655625344805,0.0036096915119142765,0.008390046948958998,0.008773219779567704
2026-01-07,0.019552808283779245,0.0007928508070888138,0.019017119094022667,0.022759367098651572
2026-01-08,-0.002541783300745626,0.023597496501789054,0.009320908203191654,0.0047803217201083355
2026-01-09,-0.011284791541005028,-0.00901699603401088,0.00338924904794871,0.0011987143605057234
2026-01-12,-0.04355483713798494,-0.000600197832008352,0.01325280368830927,0.018452175388825248
2026-01-13,0.03614671462157158,0.022347746933247366,0.017074339988676846,0.016512416126785487
2026-01-14,-0.030686191209782696,0.0022255342801963053,0.011660973263522808,0.010180761284622282
2026-01-15,-0.020999639218002863,0.0023733401247493253,0.0030715953015431428,0.0026863210182974796
2026-01-16,0.02616203234256095,0.005115643894787669,0.002851389767664491,0.0013423396560989286
2026-01-19,0.009539167395725096,-0.00790908993802289,0.00039788110171026596,-2.3204338474983322e-05
2026-01-20,-0.012191635014496941,0.00807180550017994,0.006593718512557725,0.00667654581191523
2026-01-21,0.00795975223380881,-0.009605998712368785,-0.003900193007342363,-0.005637787121173424
2026-01-22,-0.0025778961315763406,0.0013294400680529434,0.0025979630752322527,0.005372382916264526
2026-01-23,-0.0021031195473240204,-0.006145395094483294,-0.016049701679726268,-0.01679932972215291
2026-01-26,-0.022128807128267848,-0.007846061043077975,-0.0155078505389226,-0.02087822838625623
2026-01-27,-0.007399105458633643,0.0065349581594164275,0.006716364809940653,0.00441512916099853
2026-01-28,-0.023830077019767575,0.007891418801069923,0.0005432264804548242,0.0003588190031564001
2026-01-29,-0.0036409680289706168,-0.0003691266417908869,0.004862583245546188,0.005871311185184994
2026-01-30,0.008795228705564376,0.0003693386146682369,0.0033715151122188395,0.004490258230302407
2026-02-02,-0.031657380230404694,-0.00055203907741315,0.0019180579216103188,0.002117186253224631
2026-02-03,0.012434125799072826,0.015860476384678083,0.009558001503696829,0.00865778392481582
2026-02-04,-0.021725763914352932,-0.003757220405859516,0.002414409680058855,0.005532929935157586
2026-02-05,0.0010645248944415443,-0.011488209837318023,-0.013924997745573962,-0.01506698897560602
2026-02-06,0.008688823834275909,-0.01427783813393881,-0.017125050776235797,-0.018488257074842484
2026-02-09,0.0075462856144072376,0.004046862821845094,0.004343356046040911,0.0046862111468390375
2026-02-10,-0.006092762367989511,-0.004777484892179561,-0.00771049990536412,-0.0075859494900139355
2026-02-11,0.008545110504237077,0.0076137484207448375,0.011881928022440733,0.014704180048905354
2026-02-12,0.015081664478509046,0.0031849252555687124,0.005580565733728559,0.006029545603421579
2026-02-13,0.0037564207477452853,0.0003639040061469469,0.002136154012263765,0.0029219317274634614
2026-02-23,0.029737763543682242,0.013625671662248914,0.01838595694727866,0.019809661077996563
2026-02-24,0.003386138389006163,-0.0034483953313960763,0.007230397949443429,0.010412231921850531
2026-02-25,-0.012736060451031914,-0.004683897193504003,-0.002246949529294646,-0.0013029307317233758
2026-02-26,0.010557177340510584,0.0005071909978374225,-4.216860393280189e-05,-0.0004440161970683282
2026-02-27,0.00643642300210648,-0.008055844756012787,0.0017109509563291777,0.005025686784761719
2026-03-02,0.014399968743137153,0.007408713371838325,0.0016413025985889057,0.0035107835012686303
2026-03-03,0.0009859782682602137,-0.00040681936054184805,-0.00040860107419231193,0.0031790716683212294
2026-03-04,0.012751055467699689,-0.0008520389408510664,-0.0025891474380067576,-0.004835279893854739
2026-03-05,-0.01196511158545248,-0.013418876667845884,-0.012922331263200753,-0.014079887736076975
2026-03-06,-0.031722039781147,-0.015442403936493751,-0.017679248097592346,-0.019386109188625874
2026-03-09,-0.068548420100041,-0.05010857571492774,-0.061561983917844815,-0.06581503012659741
2026-03-10,-0.01978063349345692,0.011707060967361614,0.014491401384981627,0.0150113908099384
2026-03-11,0.03941460972020445,0.024083094744950625,0.028098837542623475,0.0303398008076656
2026-03-12,-0.015420510710237385,0.002974626722246805,-0.005571260179026821,-0.006341861409120978
2026-03-13,-0.021634254337231415,-0.0010556764057177825,-0.007986207982715862,-0.009086155400244053
2026-03-16,-0.027115143047464804,-0.011011060933588761,-0.010083635210246116,-0.009601258292289057
2026-03-17,-0.012234351170680124,0.0010516307822967066,-0.0016930612358742006,-0.0028195713990739396
2026-03-18,0.03155069248092358,0.0071839989818947726,0.00867285025999117,0.010025534926851432
2026-03-19,-0.018050334726726062,-0.009286167599728739,-0.014063928943082825,-0.01486099396313836
2026-03-20,-0.054792338782347454,-0.004122373154819635,-0.01971080664790169,-0.021488559152167738
2026-03-23,-0.035160545582890806,-0.026476527373679348,-0.03274374603598342,-0.03622289868813088
2026-03-24,-0.005890941295882505,-0.0010863475424548426,0.01302748263352528,0.018336583658900823
2026-03-25,0.03377197810778943,0.04252854495352451,0.03211196522260032,0.030560952401874935
2026-03-26,-0.002988343320200177,-0.007564758486398998,-0.005770682474657159,-0.0045145678960173225
2026-03-27,0.022606585494333427,0.007999411971063975,0.014171369200309947,0.015820862488796758
2026-03-30,-0.010235868110387751,-0.009027926820312586,-0.00864686266204439,-0.008208298248093852
2026-03-31,0.0006659193988653329,-0.003911910820719543,0.0005033891549476384,0.001491221862568218
